,name,country_code,pct_agreement_w_usa,pct_agreement_w_china,pct_agreement_w_russia,cluster,period,pct_agreement_w_cccp
0,ANDORRA,AND,69.27,62.17,71.16,0,1946-2025,
1,AUSTRALIA,AUS,65.26,57.79,59.43,0,1946-2025,
2,AUSTRIA,AUT,63.57,58.73,64.79,0,1946-2025,
3,BELGIUM,BEL,72.45,54.42,58.16,0,1946-2025,
4,BOSNIA AND HERZEGOVINA,BIH,55.61,55.79,58.03,0,1946-2025,
5,CANADA,CAN,71.95,54.49,55.8,0,1946-2025,
6,SWITZERLAND,CHE,67.18,66.02,71.56,0,1946-2025,
7,CZECHIA,CZE,70.76,64.13,73.48,0,1946-2025,
8,GERMANY,DEU,70.13,63.09,72.65,0,1946-2025,
9,DENMARK,DNK,68.02,58.43,62.68,0,1946-2025,
10,SPAIN,ESP,63.62,61.52,65.76,0,1946-2025,
11,ESTONIA,EST,69.15,60.97,71.78,0,1946-2025,
12,FINLAND,FIN,60.1,58.44,66.82,0,1946-2025,
13,FRANCE,FRA,73.53,49.91,54.54,0,1946-2025,
14,MICRONESIA (FEDERATED STATES OF),FSM,71.46,37.29,46.73,0,1946-2025,
15,UNITED KINGDOM,GBR,79.68,51.18,55.09,0,1946-2025,
16,GEORGIA,GEO,62.85,55.39,66.94,0,1946-2025,
17,"GERMANY, FEDERAL REPUBLIC OF",GER,75.0,37.57,36.7,0,1946-2025,
18,GREECE,GRC,62.09,63.98,68.89,0,1946-2025,
19,CROATIA,HRV,67.47,60.05,70.56,0,1946-2025,
20,IRELAND,IRL,64.51,59.34,64.01,0,1946-2025,
21,ICELAND,ISL,63.89,59.28,62.42,0,1946-2025,
22,ISRAEL,ISR,69.87,41.7,42.87,0,1946-2025,
23,ITALY,ITA,71.22,54.8,59.28,0,1946-2025,
24,JAPAN,JPN,64.92,58.4,62.29,0,1946-2025,
25,REPUBLIC OF KOREA,KOR,66.06,64.51,72.95,0,1946-2025,
26,LIECHTENSTEIN,LIE,67.32,62.8,72.46,0,1946-2025,
27,LITHUANIA,LTU,69.5,61.12,72.1,0,1946-2025,
28,LUXEMBOURG,LUX,71.06,55.04,58.44,0,1946-2025,
29,LATVIA,LVA,69.87,59.93,71.16,0,1946-2025,
30,MONACO,MCO,70.45,59.26,68.98,0,1946-2025,
31,REPUBLIC OF MOLDOVA,MDA,67.12,59.52,70.05,0,1946-2025,
32,MARSHALL ISLANDS,MHL,68.85,47.17,53.14,0,1946-2025,
33,THE FORMER YUGOSLAV REPUBLIC OF MACEDONIA,MKD,64.06,60.35,69.16,0,1946-2025,
34,MONTENEGRO,MNE,71.1,65.0,71.35,0,1946-2025,
35,NETHERLANDS,NLD,71.03,56.57,59.37,0,1946-2025,
36,NORWAY,NOR,66.07,59.14,63.75,0,1946-2025,
37,NAURU,NRU,33.01,32.81,29.9,0,1946-2025,
38,NEW ZEALAND,NZL,64.93,61.57,63.65,0,1946-2025,
39,PALAU,PLW,51.94,30.06,30.83,0,1946-2025,
40,PORTUGAL,PRT,63.52,57.5,62.13,0,1946-2025,
41,SERBIA AND MONTENEGRO,SCG,71.67,66.31,78.61,0,1946-2025,
42,SAN MARINO,SMR,64.78,59.36,66.8,0,1946-2025,
43,SLOVAKIA,SVK,70.14,64.2,73.44,0,1946-2025,
44,SLOVENIA,SVN,69.75,63.06,72.55,0,1946-2025,
45,SWEDEN,SWE,63.86,59.98,65.4,0,1946-2025,
46,TONGA,TON,37.09,46.13,43.21,0,1946-2025,
47,TUVALU,TUV,42.41,46.16,42.78,0,1946-2025,
48,UNITED STATES,USA,100.0,39.66,41.39,0,1946-2025,
49,AFGHANISTAN,AFG,35.94,70.81,72.5,1,1946-2025,
50,ANGOLA,AGO,27.25,73.63,70.71,1,1946-2025,
51,ALBANIA,ALB,35.61,58.65,60.48,1,1946-2025,
52,UNITED ARAB EMIRATES,ARE,39.68,82.76,77.69,1,1946-2025,
53,ARGENTINA,ARG,53.8,75.0,78.71,1,1946-2025,
54,ARMENIA,ARM,54.63,71.42,76.86,1,1946-2025,
55,ANTIGUA AND BARBUDA,ATG,37.38,69.89,65.59,1,1946-2025,
56,AZERBAIJAN,AZE,43.89,77.25,73.3,1,1946-2025,
57,BURUNDI,BDI,35.56,71.04,70.24,1,1946-2025,
58,BENIN,BEN,35.15,73.05,72.06,1,1946-2025,
59,UPPER VOLTA,BFA,38.19,77.54,73.73,1,1946-2025,
60,BANGLADESH,BGD,40.65,83.52,77.14,1,1946-2025,
61,BULGARIA,BGR,48.02,67.18,85.58,1,1946-2025,
62,BAHRAIN,BHR,40.37,82.99,77.81,1,1946-2025,
63,BAHAMAS,BHS,42.72,75.11,70.59,1,1946-2025,
64,BELARUS,BLR,37.29,75.55,90.39,1,1946-2025,
65,BELIZE,BLZ,38.83,68.82,62.74,1,1946-2025,
66,BOLIVIA,BOL,44.86,76.26,72.16,1,1946-2025,
67,BRAZIL,BRA,50.9,79.43,73.7,1,1946-2025,
68,BARBADOS,BRB,43.39,76.06,72.91,1,1946-2025,
69,BRUNEI DARUSSALAM,BRN,40.93,88.2,76.61,1,1946-2025,
70,BHUTAN,BTN,36.5,76.45,72.88,1,1946-2025,
71,BOTSWANA,BWA,38.38,74.85,71.14,1,1946-2025,
72,CENTRAL AFRICAN EMPIRE,CAF,33.58,56.57,55.02,1,1946-2025,
73,CHILE,CHL,54.02,75.75,70.37,1,1946-2025,
74,CHINA,CHN,39.66,100.0,73.8,1,1946-2025,
75,CÔTE D'IVOIRE,CIV,45.68,70.67,66.28,1,1946-2025,
76,UNITED REPUBLIC OF CAMEROON,CMR,41.6,69.2,67.33,1,1946-2025,
77,CONGO (DEMOCRATIC REPUBLIC OF),COD,34.84,54.26,52.68,1,1946-2025,
78,CONGO (BRAZZAVILLE),COG,32.19,69.13,68.27,1,1946-2025,
79,COLOMBIA,COL,47.94,76.96,72.69,1,1946-2025,
80,COMOROS,COM,25.83,59.63,53.15,1,1946-2025,
81,CAPE VERDE,CPV,33.15,75.46,71.8,1,1946-2025,
82,COSTA RICA,CRI,51.86,71.11,67.5,1,1946-2025,
83,CZECHOSLOVAKIA,CSK,34.61,69.74,96.09,1,1946-2025,
84,CUBA,CUB,34.82,80.31,80.16,1,1946-2025,
85,CYPRUS,CYP,49.11,72.36,77.1,1,1946-2025,
86,GERMAN DEMOCRATIC REPUBLIC,DDR,27.31,75.77,99.3,1,1946-2025,
87,DJIBOUTI,DJI,36.5,81.77,73.6,1,1946-2025,
88,DOMINICAN REPUBLIC,DOM,47.48,68.33,64.52,1,1946-2025,
89,ALGERIA,DZA,33.27,82.26,79.59,1,1946-2025,
90,TANGANYIKA,EAT,40.43,60.38,74.19,1,1946-2025,
91,ECUADOR,ECU,47.51,78.45,75.32,1,1946-2025,
92,UNITED ARAB REPUBLIC,EGY,42.13,81.1,77.9,1,1946-2025,
93,ERITREA,ERI,39.66,77.75,68.7,1,1946-2025,
94,ETHIOPIA,ETH,39.61,77.81,77.54,1,1946-2025,
95,FIJI,FJI,40.93,68.18,66.94,1,1946-2025,
96,GABON,GAB,36.61,71.03,66.73,1,1946-2025,
97,GHANA,GHA,41.37,76.29,74.66,1,1946-2025,
98,GUINEA,GIN,36.22,75.81,73.78,1,1946-2025,
99,GAMBIA,GMB,28.66,60.5,55.8,1,1946-2025,
100,GUINEA-BISSAU,GNB,30.27,67.06,63.84,1,1946-2025,
101,EQUATORIAL GUINEA,GNQ,25.16,45.67,43.02,1,1946-2025,
102,GRENADA,GRD,33.87,62.89,57.96,1,1946-2025,
103,GUATEMALA,GTM,52.17,67.84,63.92,1,1946-2025,
104,GUYANA,GUY,42.53,79.95,78.19,1,1946-2025,
105,HONDURAS,HND,50.52,69.7,64.63,1,1946-2025,
106,HAITI,HTI,43.59,66.07,61.95,1,1946-2025,
107,HUNGARY,HUN,48.2,66.58,85.66,1,1946-2025,
108,INDONESIA,IDN,41.6,81.23,79.01,1,1946-2025,
109,INDIA,IND,41.08,78.79,78.27,1,1946-2025,
110,IRAN,IRN,40.88,78.55,75.46,1,1946-2025,
111,IRAQ,IRQ,33.5,69.91,68.08,1,1946-2025,
112,JAMAICA,JAM,44.25,77.9,74.97,1,1946-2025,
113,JORDAN,JOR,41.04,80.46,75.94,1,1946-2025,
114,KAZAKHSTAN,KAZ,54.03,77.86,77.51,1,1946-2025,
115,KENYA,KEN,38.83,77.75,75.09,1,1946-2025,
116,KYRGYZSTAN,KGZ,38.59,68.28,65.02,1,1946-2025,
117,DEMOCRATIC KAMPUCHEA,KHM,33.13,71.94,63.4,1,1946-2025,
118,SAINT KITTS AND NEVIS,KNA,29.96,46.0,41.47,1,1946-2025,
119,KUWAIT,KWT,40.11,81.3,78.02,1,1946-2025,
120,LAO PEOPLE's DEMOCRATIC REPUBLIC,LAO,33.21,78.14,77.11,1,1946-2025,
121,LEBANON,LBN,39.46,76.84,71.85,1,1946-2025,
122,LIBERIA,LBR,43.18,57.99,54.6,1,1946-2025,
123,LIBYAN ARAB REPUBLIC,LBY,35.58,80.52,77.43,1,1946-2025,
124,SAINT LUCIA,LCA,38.0,72.95,66.7,1,1946-2025,
125,CEYLON,LKA,41.14,81.55,77.61,1,1946-2025,
126,LESOTHO,LSO,36.39,70.3,67.56,1,1946-2025,
127,MOROCCO,MAR,43.12,80.86,75.03,1,1946-2025,
128,MADAGASCAR,MDG,38.35,71.82,71.36,1,1946-2025,
129,MALDIVES,MDV,38.71,78.81,72.05,1,1946-2025,
130,MEXICO,MEX,49.47,78.83,76.82,1,1946-2025,
131,MALI,MLI,36.74,79.53,77.69,1,1946-2025,
132,MALTA,MLT,50.11,68.37,71.31,1,1946-2025,
133,BURMA,MMR,42.13,77.12,72.66,1,1946-2025,
134,MONGOLIA,MNG,37.99,77.22,84.93,1,1946-2025,
135,MOZAMBIQUE,MOZ,31.25,78.94,76.28,1,1946-2025,
136,MAURITANIA,MRT,37.64,77.16,73.33,1,1946-2025,
137,MAURITIUS,MUS,39.16,76.47,72.6,1,1946-2025,
138,MALAWI,MWI,43.15,58.31,54.1,1,1946-2025,
139,FEDERATION OF MALAYA,MYS,45.08,83.29,77.88,1,1946-2025,
140,NAMIBIA,NAM,38.66,83.11,69.43,1,1946-2025,
141,NIGER,NER,38.16,71.68,67.34,1,1946-2025,
142,NIGERIA,NGA,39.97,79.14,75.94,1,1946-2025,
143,NICARAGUA,NIC,42.86,74.28,72.38,1,1946-2025,
144,NEPAL,NPL,43.58,78.93,75.87,1,1946-2025,
145,OMAN,OMN,39.7,82.62,76.27,1,1946-2025,
146,PAKISTAN,PAK,44.52,83.05,78.31,1,1946-2025,
147,PANAMA,PAN,50.76,73.4,71.28,1,1946-2025,
148,PERU,PER,50.63,78.16,76.59,1,1946-2025,
149,PHILIPPINE REPUBLIC,PHL,48.98,81.57,76.72,1,1946-2025,
150,PAPUA NEW GUINEA,PNG,43.37,66.92,65.31,1,1946-2025,
151,POLAND,POL,49.89,67.11,85.78,1,1946-2025,
152,DEMOCRATIC PEOPLE'S REPUBLIC OF KOREA,PRK,17.62,79.9,66.49,1,1946-2025,
153,PARAGUAY,PRY,50.59,65.47,59.52,1,1946-2025,
154,QATAR,QAT,40.28,82.12,77.26,1,1946-2025,
155,ROMANIA,ROU,50.29,68.05,79.89,1,1946-2025,
156,RUSSIAN FEDERATION,RUS,54.58,76.01,100.0,1,1946-2025,
157,RWANDA,RWA,35.42,59.68,60.1,1,1946-2025,
158,SAUDI ARABIA,SAU,40.45,78.81,75.73,1,1946-2025,
159,SUDAN,SDN,38.47,79.93,76.17,1,1946-2025,
160,SENEGAL,SEN,43.55,80.8,76.59,1,1946-2025,
161,SINGAPORE,SGP,44.21,78.88,73.52,1,1946-2025,
162,SOLOMON ISLANDS,SLB,35.79,58.48,55.54,1,1946-2025,
163,SIERRA LEONE,SLE,39.59,72.5,69.72,1,1946-2025,
164,EL SALVADOR,SLV,47.71,70.23,65.37,1,1946-2025,
165,SOMALIA,SOM,29.16,57.02,55.78,1,1946-2025,
166,SERBIA,SRB,58.35,68.23,77.15,1,1946-2025,
167,SAO TOME AND PRINCIPE,STP,19.75,50.81,50.54,1,1946-2025,
168,USSR,SUN,33.99,71.77,100.0,1,1946-2025,
169,SURINAM,SUR,39.19,76.36,71.22,1,1946-2025,
170,SWAZILAND,SWZ,35.78,61.22,57.96,1,1946-2025,
171,SEYCHELLES,SYC,19.93,46.57,45.4,1,1946-2025,
172,SYRIA,SYR,32.51,78.99,77.0,1,1946-2025,
173,CHAD,TCD,36.08,63.92,61.47,1,1946-2025,
174,TOGO,TGO,43.28,77.72,75.29,1,1946-2025,
175,THAILAND,THA,47.93,80.62,76.46,1,1946-2025,
176,TAJIKISTAN,TJK,38.33,65.84,64.9,1,1946-2025,
177,TURKMENISTAN,TKM,24.73,54.31,49.63,1,1946-2025,
178,TIMOR-LESTE,TLS,47.52,72.43,68.29,1,1946-2025,
179,TRINIDAD AND TOBAGO,TTO,42.69,78.71,74.91,1,1946-2025,
180,TUNISIA,TUN,42.71,81.33,77.53,1,1946-2025,
181,TÜRKIYE,TUR,58.17,73.52,70.91,1,1946-2025,
182,UNITED REPUBLIC OF TANZANIA,TZA,36.74,78.68,75.86,1,1946-2025,
183,UGANDA,UGA,35.66,73.49,72.43,1,1946-2025,
184,UKRAINE,UKR,46.45,69.31,86.98,1,1946-2025,
185,URUGUAY,URY,53.21,75.03,72.47,1,1946-2025,
186,UZBEKISTAN,UZB,38.75,57.77,58.16,1,1946-2025,
187,SAINT VINCENT AND THE GRENADINES,VCT,32.4,62.57,57.39,1,1946-2025,
188,VENEZUELA (BOLIVARIAN REPUBLIC OF),VEN,42.92,75.21,72.69,1,1946-2025,
189,VIET NAM,VNM,29.09,82.38,79.99,1,1946-2025,
190,VANUATU,VUT,37.26,56.08,55.34,1,1946-2025,
191,SAMOA,WSM,44.93,63.55,62.27,1,1946-2025,
192,YEMEN,YEM,35.63,77.35,74.8,1,1946-2025,
193,DEMOCRATIC YEMEN,YMD,29.76,75.03,86.46,1,1946-2025,
194,YUGOSLAVIA,YUG,35.08,62.17,70.96,1,1946-2025,
195,SOUTH AFRICA,ZAF,29.49,47.53,39.44,1,1946-2025,
196,ZAMBIA,ZMB,39.64,78.57,76.05,1,1946-2025,
197,ZIMBABWE,ZWE,31.95,79.8,74.04,1,1946-2025,
198,DOMINICA,DMA,21.01,36.27,32.85,2,1946-2025,
199,ZANZIBAR,EAZ,0.0,0.0,0.0,2,1946-2025,
200,KIRIBATI,KIR,32.33,28.91,25.0,2,1946-2025,
201,SOUTH SUDAN,SSD,26.15,28.62,29.65,2,1946-2025,
0,CENTRAL AFRICAN REPUBLIC,CAF,25.61,46.93,41.19,0,1991-2025,
1,DEMOCRATIC REPUBLIC OF THE CONGO,COD,24.71,38.88,33.39,0,1991-2025,
2,COMOROS,COM,28.88,60.49,50.72,0,1991-2025,
3,DOMINICA,DMA,28.05,44.95,41.85,0,1991-2025,
4,GAMBIA,GMB,32.69,58.37,50.44,0,1991-2025,
5,EQUATORIAL GUINEA,GNQ,24.97,38.7,34.54,0,1991-2025,
6,IRAQ,IRQ,29.1,63.3,52.19,0,1991-2025,
7,KIRIBATI,KIR,32.33,28.91,25.0,0,1991-2025,
8,SAINT KITTS AND NEVIS,KNA,34.66,48.54,41.97,0,1991-2025,
9,LIBERIA,LBR,36.95,45.33,38.53,0,1991-2025,
10,NAURU,NRU,33.01,32.81,29.9,0,1991-2025,
11,PALAU,PLW,51.94,30.06,30.83,0,1991-2025,
12,RWANDA,RWA,29.49,45.15,40.58,0,1991-2025,
13,SOMALIA,SOM,16.26,39.51,34.72,0,1991-2025,
14,SOUTH SUDAN,SSD,26.15,28.62,29.65,0,1991-2025,
15,SAO TOME AND PRINCIPE,STP,16.58,31.99,27.17,0,1991-2025,
16,SWAZILAND,SWZ,35.62,60.55,52.26,0,1991-2025,
17,SEYCHELLES,SYC,27.78,39.2,34.31,0,1991-2025,
18,CHAD,TCD,30.95,53.7,45.71,0,1991-2025,
19,TURKMENISTAN,TKM,24.73,54.31,49.63,0,1991-2025,
20,TONGA,TON,37.09,46.13,43.21,0,1991-2025,
21,TUVALU,TUV,42.41,46.16,42.78,0,1991-2025,
22,VANUATU,VUT,45.81,51.16,46.35,0,1991-2025,
23,YUGOSLAVIA,YUG,11.89,15.62,17.61,0,1991-2025,
24,ALBANIA,ALB,65.27,55.54,63.23,1,1991-2025,
25,ANDORRA,AND,69.27,62.17,71.16,1,1991-2025,
26,ARGENTINA,ARG,64.95,76.36,79.43,1,1991-2025,
27,AUSTRALIA,AUS,68.14,60.86,65.31,1,1991-2025,
28,AUSTRIA,AUT,70.2,64.13,73.91,1,1991-2025,
29,BELGIUM,BEL,69.85,63.34,72.75,1,1991-2025,
30,BULGARIA,BGR,68.49,62.86,72.12,1,1991-2025,
31,BOSNIA AND HERZEGOVINA,BIH,55.61,55.79,58.03,1,1991-2025,
32,CANADA,CAN,72.13,60.38,68.5,1,1991-2025,
33,SWITZERLAND,CHE,67.18,66.02,71.56,1,1991-2025,
34,CZECHOSLOVAKIA,CSK,61.29,50.77,72.06,1,1991-2025,
35,CYPRUS,CYP,66.6,71.08,69.62,1,1991-2025,
36,CZECH REPUBLIC,CZE,70.76,64.13,73.48,1,1991-2025,
37,GERMANY,DEU,70.59,63.86,73.7,1,1991-2025,
38,DENMARK,DNK,70.8,64.83,74.66,1,1991-2025,
39,SPAIN,ESP,70.35,65.85,74.94,1,1991-2025,
40,ESTONIA,EST,69.72,61.58,72.38,1,1991-2025,
41,FINLAND,FIN,71.01,64.02,74.49,1,1991-2025,
42,FRANCE,FRA,74.76,59.28,68.64,1,1991-2025,
43,MICRONESIA (FEDERATED STATES OF),FSM,72.51,36.25,46.37,1,1991-2025,
44,UNITED KINGDOM,GBR,76.38,61.62,72.3,1,1991-2025,
45,GEORGIA,GEO,62.85,55.39,66.94,1,1991-2025,
46,GREECE,GRC,67.79,63.92,72.17,1,1991-2025,
47,HONDURAS,HND,58.34,72.85,65.12,1,1991-2025,
48,CROATIA,HRV,67.47,60.05,70.56,1,1991-2025,
49,HUNGARY,HUN,69.93,62.63,73.0,1,1991-2025,
50,IRELAND,IRL,69.6,64.59,74.22,1,1991-2025,
51,ICELAND,ISL,70.27,64.42,73.61,1,1991-2025,
52,ISRAEL,ISR,81.18,42.59,55.5,1,1991-2025,
53,ITALY,ITA,70.14,64.05,73.08,1,1991-2025,
54,JAPAN,JPN,67.23,65.26,75.15,1,1991-2025,
55,REPUBLIC OF KOREA,KOR,66.63,64.37,73.39,1,1991-2025,
56,LIECHTENSTEIN,LIE,68.97,63.75,73.6,1,1991-2025,
57,LITHUANIA,LTU,69.97,61.41,72.42,1,1991-2025,
58,LUXEMBOURG,LUX,70.38,64.12,73.85,1,1991-2025,
59,LATVIA,LVA,70.45,60.4,71.87,1,1991-2025,
60,MONACO,MCO,70.45,59.26,68.98,1,1991-2025,
61,REPUBLIC OF MOLDOVA,MDA,67.12,59.52,70.05,1,1991-2025,
62,MARSHALL ISLANDS,MHL,69.3,46.84,52.83,1,1991-2025,
63,THE FORMER YUGOSLAV REPUBLIC OF MACEDONIA,MKD,64.06,60.35,69.16,1,1991-2025,
64,MALTA,MLT,69.57,68.64,70.42,1,1991-2025,
65,MONTENEGRO,MNE,71.1,65.0,71.35,1,1991-2025,
66,NETHERLANDS (KINGDOM OF THE),NLD,70.14,64.03,73.78,1,1991-2025,
67,NORWAY,NOR,69.96,64.2,73.7,1,1991-2025,
68,NEW ZEALAND,NZL,66.6,67.93,73.66,1,1991-2025,
69,POLAND,POL,70.84,63.31,73.88,1,1991-2025,
70,PORTUGAL,PRT,69.99,65.06,74.4,1,1991-2025,
71,ROMANIA,ROU,70.06,62.29,72.87,1,1991-2025,
72,SERBIA AND MONTENEGRO,SCG,71.67,66.31,78.61,1,1991-2025,
73,SAN MARINO,SMR,64.78,59.36,66.8,1,1991-2025,
74,SERBIA,SRB,58.35,68.23,77.15,1,1991-2025,
75,SLOVAKIA,SVK,70.14,64.2,73.44,1,1991-2025,
76,SLOVENIA,SVN,69.75,63.06,72.55,1,1991-2025,
77,SWEDEN,SWE,70.51,65.24,74.62,1,1991-2025,
78,TURKEY,TUR,62.25,74.56,71.74,1,1991-2025,
79,UKRAINE,UKR,65.5,65.99,72.69,1,1991-2025,
80,UNITED STATES,USA,100.0,38.05,54.58,1,1991-2025,
81,SAMOA,WSM,55.56,62.28,61.99,1,1991-2025,
82,AFGHANISTAN,AFG,37.35,70.28,59.18,2,1991-2025,
83,ANGOLA,AGO,36.76,74.53,64.21,2,1991-2025,
84,UNITED ARAB EMIRATES,ARE,44.55,87.82,72.22,2,1991-2025,
85,ARMENIA,ARM,54.63,71.42,76.86,2,1991-2025,
86,ANTIGUA AND BARBUDA,ATG,45.43,76.4,67.34,2,1991-2025,
87,AZERBAIJAN,AZE,43.89,77.25,73.3,2,1991-2025,
88,BURUNDI,BDI,31.96,65.48,56.54,2,1991-2025,
89,BENIN,BEN,39.98,72.36,62.43,2,1991-2025,
90,BURKINA FASO,BFA,40.89,82.03,68.55,2,1991-2025,
91,BANGLADESH,BGD,46.49,87.24,72.86,2,1991-2025,
92,BAHRAIN,BHR,45.96,87.95,72.62,2,1991-2025,
93,BAHAMAS,BHS,54.1,77.99,70.68,2,1991-2025,
94,BELARUS,BLR,44.25,79.36,81.31,2,1991-2025,
95,BELIZE,BLZ,48.95,78.57,68.73,2,1991-2025,
96,BOLIVIA (PLURINATIONAL STATE OF),BOL,46.56,81.23,71.68,2,1991-2025,
97,BRAZIL,BRA,52.15,82.94,71.79,2,1991-2025,
98,BARBADOS,BRB,51.73,80.18,70.85,2,1991-2025,
99,BRUNEI DARUSSALAM,BRN,44.98,88.8,73.33,2,1991-2025,
100,BHUTAN,BTN,39.7,77.04,66.27,2,1991-2025,
101,BOTSWANA,BWA,48.53,78.79,68.34,2,1991-2025,
102,CHILE,CHL,59.33,83.18,71.89,2,1991-2025,
103,CHINA,CHN,38.05,100.0,76.01,2,1991-2025,
104,CÔTE D'IVOIRE,CIV,47.47,74.07,63.95,2,1991-2025,
105,CAMEROON,CMR,43.07,65.31,56.82,2,1991-2025,
106,CONGO,COG,34.04,68.47,58.33,2,1991-2025,
107,COLOMBIA,COL,48.95,81.53,71.95,2,1991-2025,
108,CABO VERDE,CPV,43.5,76.72,65.63,2,1991-2025,
109,COSTA RICA,CRI,60.13,77.31,69.97,2,1991-2025,
110,CUBA,CUB,32.75,87.25,72.2,2,1991-2025,
111,DJIBOUTI,DJI,43.67,84.68,70.68,2,1991-2025,
112,DOMINICAN REPUBLIC,DOM,48.32,71.24,64.23,2,1991-2025,
113,ALGERIA,DZA,38.86,88.88,73.03,2,1991-2025,
114,ECUADOR,ECU,50.38,83.6,73.61,2,1991-2025,
115,EGYPT,EGY,43.16,87.69,74.52,2,1991-2025,
116,ERITREA,ERI,39.66,77.75,68.7,2,1991-2025,
117,ETHIOPIA,ETH,38.79,80.89,70.9,2,1991-2025,
118,FIJI,FJI,45.33,67.69,62.67,2,1991-2025,
119,GABON,GAB,35.13,68.92,59.44,2,1991-2025,
120,GHANA,GHA,44.2,79.25,67.57,2,1991-2025,
121,GUINEA,GIN,40.3,78.18,65.65,2,1991-2025,
122,GUINEA-BISSAU,GNB,33.47,63.22,52.88,2,1991-2025,
123,GRENADA,GRD,42.33,70.72,62.38,2,1991-2025,
124,GUATEMALA,GTM,58.03,75.13,68.31,2,1991-2025,
125,GUYANA,GUY,50.79,84.69,73.62,2,1991-2025,
126,HAITI,HTI,49.63,68.86,61.13,2,1991-2025,
127,INDONESIA,IDN,42.97,87.78,73.6,2,1991-2025,
128,INDIA,IND,40.55,83.84,73.56,2,1991-2025,
129,IRAN (ISLAMIC REPUBLIC OF),IRN,36.69,83.57,70.73,2,1991-2025,
130,JAMAICA,JAM,51.26,83.67,74.3,2,1991-2025,
131,JORDAN,JOR,43.94,86.15,71.03,2,1991-2025,
132,KAZAKHSTAN,KAZ,54.03,77.86,77.51,2,1991-2025,
133,KENYA,KEN,40.23,80.75,68.87,2,1991-2025,
134,KYRGYZSTAN,KGZ,38.59,68.28,65.02,2,1991-2025,
135,CAMBODIA,KHM,39.87,76.42,66.77,2,1991-2025,
136,KUWAIT,KWT,47.94,86.88,73.65,2,1991-2025,
137,LAO PEOPLE'S DEMOCRATIC REPUBLIC,LAO,31.97,85.5,70.25,2,1991-2025,
138,LEBANON,LBN,39.1,84.37,69.28,2,1991-2025,
139,LIBYA,LBY,41.02,86.33,72.03,2,1991-2025,
140,SAINT LUCIA,LCA,45.68,79.72,69.02,2,1991-2025,
141,SRI LANKA,LKA,44.62,88.1,73.92,2,1991-2025,
142,LESOTHO,LSO,36.71,71.42,62.18,2,1991-2025,
143,MOROCCO,MAR,48.76,86.33,71.49,2,1991-2025,
144,MADAGASCAR,MDG,40.92,68.01,58.39,2,1991-2025,
145,MALDIVES,MDV,53.87,85.04,72.54,2,1991-2025,
146,MEXICO,MEX,54.3,81.86,71.6,2,1991-2025,
147,MALI,MLI,39.09,84.83,71.45,2,1991-2025,
148,MYANMAR,MMR,45.49,82.62,69.16,2,1991-2025,
149,MONGOLIA,MNG,47.9,81.45,73.07,2,1991-2025,
150,MOZAMBIQUE,MOZ,40.29,81.4,68.94,2,1991-2025,
151,MAURITANIA,MRT,36.08,78.99,65.25,2,1991-2025,
152,MAURITIUS,MUS,48.26,82.16,71.9,2,1991-2025,
153,MALAWI,MWI,45.64,64.01,56.37,2,1991-2025,
154,MALAYSIA,MYS,46.81,87.86,73.61,2,1991-2025,
155,NAMIBIA,NAM,38.92,82.72,69.11,2,1991-2025,
156,NIGER,NER,35.09,67.72,56.37,2,1991-2025,
157,NIGERIA,NGA,43.55,83.01,70.21,2,1991-2025,
158,NICARAGUA,NIC,44.67,78.94,71.17,2,1991-2025,
159,NEPAL,NPL,47.74,84.77,73.41,2,1991-2025,
160,OMAN,OMN,44.12,86.88,73.05,2,1991-2025,
161,PAKISTAN,PAK,42.74,89.8,75.34,2,1991-2025,
162,PANAMA,PAN,59.01,77.54,70.26,2,1991-2025,
163,PERU,PER,56.39,80.98,74.55,2,1991-2025,
164,PHILIPPINES,PHL,48.44,85.71,73.69,2,1991-2025,
165,PAPUA NEW GUINEA,PNG,51.8,64.42,58.27,2,1991-2025,
166,DEMOCRATIC PEOPLE'S REPUBLIC OF KOREA,PRK,17.16,79.97,67.09,2,1991-2025,
167,PARAGUAY,PRY,56.35,75.87,68.66,2,1991-2025,
168,QATAR,QAT,46.16,87.33,73.3,2,1991-2025,
169,RUSSIAN FEDERATION,RUS,54.58,76.01,100.0,2,1991-2025,
170,SAUDI ARABIA,SAU,45.93,85.25,73.11,2,1991-2025,
171,SUDAN,SDN,39.98,85.63,72.06,2,1991-2025,
172,SENEGAL,SEN,46.82,85.17,71.47,2,1991-2025,
173,SINGAPORE,SGP,48.95,85.1,72.99,2,1991-2025,
174,SOLOMON ISLANDS,SLB,50.21,65.56,61.99,2,1991-2025,
175,SIERRA LEONE,SLE,41.8,70.09,60.37,2,1991-2025,
176,EL SALVADOR,SLV,52.2,77.54,68.4,2,1991-2025,
177,SURINAME,SUR,44.54,77.25,66.45,2,1991-2025,
178,SYRIAN ARAB REPUBLIC,SYR,28.5,83.24,69.86,2,1991-2025,
179,TOGO,TGO,46.65,79.9,68.58,2,1991-2025,
180,THAILAND,THA,48.06,85.54,75.19,2,1991-2025,
181,TAJIKISTAN,TJK,38.33,65.84,64.9,2,1991-2025,
182,TIMOR-LESTE,TLS,47.52,72.43,68.29,2,1991-2025,
183,TRINIDAD AND TOBAGO,TTO,48.16,80.8,69.68,2,1991-2025,
184,TUNISIA,TUN,43.98,86.97,71.66,2,1991-2025,
185,UNITED REPUBLIC OF TANZANIA,TZA,39.96,81.47,67.6,2,1991-2025,
186,UGANDA,UGA,36.43,72.89,62.17,2,1991-2025,
187,URUGUAY,URY,56.71,79.0,73.03,2,1991-2025,
188,UZBEKISTAN,UZB,38.75,57.77,58.16,2,1991-2025,
189,SAINT VINCENT AND THE GRENADINES,VCT,40.29,68.48,61.09,2,1991-2025,
190,VENEZUELA,VEN,34.47,75.98,66.04,2,1991-2025,
191,VIET NAM,VNM,38.64,86.04,71.73,2,1991-2025,
192,YEMEN,YEM,41.07,85.13,70.81,2,1991-2025,
193,SOUTH AFRICA,ZAF,44.99,79.68,73.01,2,1991-2025,
194,ZAMBIA,ZMB,43.81,80.3,68.56,2,1991-2025,
195,ZIMBABWE,ZWE,38.56,83.46,71.35,2,1991-2025,
0,AFGHANISTAN,AFG,35.12,71.28,,0,1946-1991,84.64
1,ANGOLA,AGO,17.42,72.49,,0,1946-1991,78.99
2,ALBANIA,ALB,14.8,61.22,,0,1946-1991,58.13
3,UNITED ARAB EMIRATES,ARE,35.93,77.36,,0,1946-1991,83.59
4,ARGENTINA,ARG,47.41,73.82,,0,1946-1991,78.05
5,ANTIGUA AND BARBUDA,ATG,24.04,58.73,,0,1946-1991,62.57
6,BURUNDI,BDI,37.87,76.41,,0,1946-1991,83.72
7,BENIN,BEN,31.99,73.71,,0,1946-1991,81.41
8,UPPER VOLTA,BFA,36.44,73.29,,0,1946-1991,78.75
9,BANGLADESH,BGD,35.56,79.15,,0,1946-1991,82.22
10,BULGARIA,BGR,33.03,70.94,,0,1946-1991,96.67
11,BAHRAIN,BHR,36.18,77.75,,0,1946-1991,83.31
12,BAHAMAS,BHS,33.0,71.87,,0,1946-1991,70.5
13,BYELORUSSIAN SSR,BLR,33.16,71.82,,0,1946-1991,98.64
14,BOLIVIA,BOL,43.94,71.9,,0,1946-1991,72.6
15,BRAZIL,BRA,50.18,76.35,,0,1946-1991,75.47
16,BARBADOS,BRB,37.47,71.93,,0,1946-1991,74.99
17,BRUNEI DARUSSALAM,BRN,31.44,86.75,,0,1946-1991,84.32
18,BHUTAN,BTN,34.04,75.83,,0,1946-1991,79.93
19,BOTSWANA,BWA,31.26,70.94,,0,1946-1991,73.96
20,CENTRAL AFRICAN REPUBLIC,CAF,38.78,65.72,,0,1946-1991,68.45
21,CHILE,CHL,50.97,69.21,,0,1946-1991,68.95
22,CHINA,CHN,40.45,100.0,,0,1946-1991,71.77
23,IVORY COAST,CIV,44.52,67.44,,0,1946-1991,68.54
24,CAMEROON,CMR,40.64,72.87,,0,1946-1991,77.52
25,ZAIRE,COD,41.35,68.88,,0,1946-1991,71.4
26,CONGO,COG,30.97,69.76,,0,1946-1991,77.9
27,COLOMBIA,COL,47.37,72.97,,0,1946-1991,73.38
28,CAPE VERDE,CPV,23.37,73.96,,0,1946-1991,79.31
29,CZECHOSLOVAKIA,CSK,34.01,70.24,,0,1946-1991,96.75
30,CUBA,CUB,35.91,73.99,,0,1946-1991,87.38
31,CYPRUS,CYP,37.73,73.44,,0,1946-1991,83.54
32,GERMAN DEMOCRATIC REPUBLIC,DDR,27.31,75.77,,0,1946-1991,99.3
33,DJIBOUTI,DJI,29.06,78.03,,0,1946-1991,77.42
34,ALGERIA,DZA,29.62,75.8,,0,1946-1991,86.05
35,TANGANYIKA,EAT,40.43,60.38,,0,1946-1991,74.19
36,ECUADOR,ECU,45.91,73.95,,0,1946-1991,76.9
37,EGYPT,EGY,41.56,75.3,,0,1946-1991,80.98
38,ETHIOPIA,ETH,40.09,75.06,,0,1946-1991,83.61
39,FIJI,FJI,37.63,68.69,,0,1946-1991,71.42
40,GABON,GAB,37.58,73.04,,0,1946-1991,73.83
41,GHANA,GHA,39.6,73.53,,0,1946-1991,81.41
42,GUINEA,GIN,33.59,73.56,,0,1946-1991,81.63
43,GAMBIA,GMB,25.93,62.6,,0,1946-1991,61.15
44,GUINEA-BISSAU,GNB,27.36,71.54,,0,1946-1991,76.83
45,GUYANA,GUY,36.7,75.24,,0,1946-1991,82.77
46,HUNGARY,HUN,32.31,69.91,,0,1946-1991,95.84
47,INDONESIA,IDN,40.82,75.26,,0,1946-1991,84.08
48,INDIA,IND,41.36,74.43,,0,1946-1991,82.46
49,IRAN (ISLAMIC REPUBLIC OF),IRN,42.87,74.22,,0,1946-1991,79.7
50,IRAQ,IRQ,36.02,75.78,,0,1946-1991,82.67
51,JAMAICA,JAM,39.5,72.31,,0,1946-1991,75.63
52,JORDAN,JOR,39.29,75.24,,0,1946-1991,80.59
53,KENYA,KEN,37.86,74.81,,0,1946-1991,81.27
54,DEMOCRATIC KAMPUCHEA,KHM,29.09,67.81,,0,1946-1991,60.21
55,KUWAIT,KWT,34.9,75.86,,0,1946-1991,82.32
56,LAOS,LAO,33.96,71.27,,0,1946-1991,83.6
57,LEBANON,LBN,39.66,70.26,,0,1946-1991,74.2
58,LIBERIA,LBR,46.73,68.96,,0,1946-1991,69.27
59,LIBYAN ARAB JAMAHIRIYA,LBY,32.37,75.14,,0,1946-1991,82.46
60,SAINT LUCIA,LCA,27.98,63.08,,0,1946-1991,63.25
61,SRI LANKA,LKA,39.05,75.52,,0,1946-1991,81.11
62,LESOTHO,LSO,36.16,69.18,,0,1946-1991,72.97
63,MOROCCO,MAR,39.64,75.76,,0,1946-1991,78.42
64,MADAGASCAR,MDG,36.64,75.46,,0,1946-1991,83.98
65,MALDIVE ISLANDS,MDV,28.47,72.71,,0,1946-1991,71.56
66,MEXICO,MEX,46.71,76.2,,0,1946-1991,81.6
67,MALI,MLI,35.23,74.51,,0,1946-1991,83.74
68,MALTA,MLT,36.63,68.13,,0,1946-1991,72.1
69,BURMA,MMR,40.35,72.26,,0,1946-1991,75.84
70,MONGOLIA,MNG,30.29,72.72,,0,1946-1991,96.54
71,MOZAMBIQUE,MOZ,22.52,75.96,,0,1946-1991,85.21
72,MAURITANIA,MRT,38.67,75.39,,0,1946-1991,81.23
73,MAURITIUS,MUS,32.54,70.7,,0,1946-1991,73.32
74,MALAYSIA,MYS,44.04,79.04,,0,1946-1991,81.96
75,NAMIBIA,NAM,34.48,89.24,,0,1946-1991,74.05
76,NIGER,NER,40.12,75.43,,0,1946-1991,77.96
77,NIGERIA,NGA,37.69,75.49,,0,1946-1991,81.43
78,NICARAGUA,NIC,41.95,70.17,,0,1946-1991,73.52
79,NEPAL,NPL,40.99,73.56,,0,1946-1991,78.2
80,OMAN,OMN,36.5,78.11,,0,1946-1991,79.69
81,PAKISTAN,PAK,45.48,77.1,,0,1946-1991,81.03
82,PANAMA,PAN,46.05,69.82,,0,1946-1991,72.2
83,PERU,PER,47.33,75.69,,0,1946-1991,78.47
84,PHILIPPINES,PHL,49.28,77.94,,0,1946-1991,79.53
85,PAPUA NEW GUINEA,PNG,35.5,69.85,,0,1946-1991,73.72
86,POLAND,POL,35.44,70.25,,0,1946-1991,95.21
87,QATAR,QAT,35.95,76.61,,0,1946-1991,81.43
88,ROMANIA,ROU,37.06,72.7,,0,1946-1991,85.7
89,RWANDA,RWA,39.4,73.7,,0,1946-1991,79.3
90,SAUDI ARABIA,SAU,37.39,73.15,,0,1946-1991,78.13
91,SUDAN,SDN,37.64,74.71,,0,1946-1991,80.01
92,SENEGAL,SEN,41.43,76.66,,0,1946-1991,81.56
93,SINGAPORE,SGP,40.92,72.75,,0,1946-1991,74.05
94,SIERRA LEONE,SLE,38.13,74.81,,0,1946-1991,78.87
95,SOMALIA,SOM,37.51,73.68,,0,1946-1991,76.19
96,SAO TOME AND PRINCIPE,STP,22.76,73.32,,0,1946-1991,78.99
97,USSR,SUN,33.99,71.77,,0,1946-1991,100.0
98,SURINAME,SUR,34.13,75.28,,0,1946-1991,77.08
99,SWAZILAND,SWZ,35.9,61.89,,0,1946-1991,63.81
100,SEYCHELLES,SYC,12.07,55.71,,0,1946-1991,59.34
101,SYRIA,SYR,34.55,75.12,,0,1946-1991,83.61
102,CHAD,TCD,39.37,73.59,,0,1946-1991,76.69
103,TOGO,TGO,41.11,75.65,,0,1946-1991,81.76
104,THAILAND,THA,47.86,76.28,,0,1946-1991,77.64
105,TRINIDAD AND TOBAGO,TTO,38.99,76.7,,0,1946-1991,80.04
106,TUNISIA,TUN,41.94,76.12,,0,1946-1991,83.1
107,TURKEY,TUR,55.92,72.7,,0,1946-1991,70.2
108,UNITED REPUBLIC OF TANZANIA,TZA,34.51,75.93,,0,1946-1991,84.07
109,UGANDA,UGA,35.15,74.07,,0,1946-1991,82.46
110,UKRAINIAN SSR,UKR,33.24,72.23,,0,1946-1991,98.56
111,URUGUAY,URY,51.18,71.5,,0,1946-1991,71.95
112,VENEZUELA,VEN,47.22,74.56,,0,1946-1991,78.78
113,VIET NAM,VNM,19.21,77.53,,0,1946-1991,90.74
114,VANUATU,VUT,23.24,64.38,,0,1946-1991,70.63
115,SAMOA,WSM,34.02,65.13,,0,1946-1991,62.63
116,YEMEN,YEM,32.49,70.45,,0,1946-1991,78.46
117,DEMOCRATIC YEMEN,YMD,29.76,75.03,,0,1946-1991,86.46
118,YUGOSLAVIA,YUG,39.84,74.51,,0,1946-1991,86.14
119,ZAMBIA,ZMB,36.74,76.86,,0,1946-1991,83.47
120,ZIMBABWE,ZWE,23.62,74.14,,0,1946-1991,78.25
121,DOMINICA,DMA,12.37,24.12,,1,1946-1991,19.91
122,ZANZIBAR,EAZ,0.0,0.0,,1,1946-1991,0.0
123,UNION OF SOUTH AFRICA,ZAF,20.23,17.57,,1,1946-1991,6.17
124,AUSTRALIA,AUS,63.6,55.46,,2,1946-1991,54.56
125,AUSTRIA,AUT,59.48,54.3,,2,1946-1991,57.0
126,BELGIUM,BEL,73.95,46.73,,2,1946-1991,44.17
127,BELIZE,BLZ,22.09,52.31,,2,1946-1991,52.54
128,CANADA,CAN,71.85,50.16,,2,1946-1991,45.67
129,COMOROS,COM,23.04,58.6,,2,1946-1991,56.1
130,COSTA RICA,CRI,47.1,65.58,,2,1946-1991,65.16
131,GERMANY,DEU,62.71,51.16,,2,1946-1991,56.92
132,DENMARK,DNK,66.43,53.35,,2,1946-1991,52.25
133,DOMINICAN REPUBLIC,DOM,47.0,65.77,,2,1946-1991,64.8
134,SPAIN,ESP,59.45,58.0,,2,1946-1991,57.71
135,ESTONIA,EST,50.0,42.65,,2,1946-1991,54.41
136,FINLAND,FIN,53.33,53.92,,2,1946-1991,60.27
137,FRANCE,FRA,72.81,42.07,,2,1946-1991,41.14
138,MICRONESIA (FEDERATED STATES OF),FSM,35.71,62.16,,2,1946-1991,54.79
139,UNITED KINGDOM,GBR,81.6,42.67,,2,1946-1991,39.03
140,"GERMANY, FEDERAL REPUBLIC OF",GER,75.0,37.57,,2,1946-1991,36.7
141,EQUATORIAL GUINEA,GNQ,25.29,52.75,,2,1946-1991,51.73
142,GREECE,GRC,58.84,64.02,,2,1946-1991,66.18
143,GRENADA,GRD,26.04,53.68,,2,1946-1991,52.74
144,GUATEMALA,GTM,48.79,61.4,,2,1946-1991,59.83
145,HONDURAS,HND,46.04,66.93,,2,1946-1991,64.18
146,HAITI,HTI,40.16,63.61,,2,1946-1991,62.72
147,IRELAND,IRL,61.36,54.86,,2,1946-1991,54.91
148,ICELAND,ISL,60.25,55.14,,2,1946-1991,52.55
149,ISRAEL,ISR,63.38,41.26,,2,1946-1991,36.03
150,ITALY,ITA,71.88,46.68,,2,1946-1991,46.13
151,JAPAN,JPN,63.48,52.22,,2,1946-1991,50.41
152,SAINT CHRISTOPHER AND NEVIS,KNA,20.09,40.61,,2,1946-1991,40.42
153,REPUBLIC OF KOREA,KOR,46.43,68.49,,2,1946-1991,60.27
154,LIECHTENSTEIN,LIE,40.68,49.34,,2,1946-1991,57.52
155,LITHUANIA,LTU,53.57,52.24,,2,1946-1991,62.69
156,LUXEMBOURG,LUX,71.45,47.29,,2,1946-1991,43.78
157,LATVIA,LVA,50.0,45.45,,2,1946-1991,50.0
158,MARSHALL ISLANDS,MHL,53.57,55.41,,2,1946-1991,60.27
159,MALAWI,MWI,41.42,52.68,,2,1946-1991,51.83
160,NETHERLANDS,NLD,71.54,50.37,,2,1946-1991,46.07
161,NORWAY,NOR,63.83,55.01,,2,1946-1991,54.92
162,NEW ZEALAND,NZL,63.98,56.22,,2,1946-1991,54.61
163,DEMOCRATIC PEOPLE'S REPUBLIC OF KOREA,PRK,30.77,77.78,,2,1946-1991,47.89
164,PORTUGAL,PRT,59.25,50.57,,2,1946-1991,49.88
165,PARAGUAY,PRY,47.29,56.3,,2,1946-1991,51.0
166,SOLOMON ISLANDS,SLB,19.1,48.95,,2,1946-1991,46.63
167,EL SALVADOR,SLV,45.13,63.71,,2,1946-1991,62.51
168,SWEDEN,SWE,60.01,55.83,,2,1946-1991,57.63
169,UNITED STATES,USA,100.0,40.45,,2,1946-1991,33.99
170,SAINT VINCENT AND THE GRENADINES,VCT,20.86,53.31,,2,1946-1991,51.53
